{"cameraMode":{"drawMode":0,"name":"Shaded","section":"Shading Mode"},"sceneLighting":false,"audioPlay":false,"sceneViewState":{"m_AlwaysRefresh":false,"showFog":true,"showSkybox":false,"showFlares":true,"showImageEffects":true,"showParticleSystems":true,"showVisualEffectGraphs":true,"m_FxEnabled":false},"in2DMode":false,"pivot":{"x":0.4573800563812256,"y":0.9624922275543213,"z":3.8658831119537355},"rotation":{"x":-0.0661257803440094,"y":-0.06371919810771942,"z":0.004231410566717386,"w":-0.9957670569419861},"size":1.8062727451324463,"orthographic":false}