{"cameraMode":{"drawMode":0,"name":"Shaded","section":"Shading Mode"},"sceneLighting":false,"audioPlay":false,"sceneViewState":{"m_AlwaysRefresh":false,"showFog":true,"showSkybox":false,"showFlares":true,"showImageEffects":true,"showParticleSystems":true,"showVisualEffectGraphs":true,"m_FxEnabled":false},"in2DMode":false,"pivot":{"x":-0.13668018579483033,"y":3.1754889488220217,"z":1.7731733322143555},"rotation":{"x":-0.0661257803440094,"y":-0.06371919810771942,"z":0.004231410566717386,"w":-0.9957670569419861},"size":-1.206272840499878,"orthographic":false}